"","Domain","Level1","Level2","Level3","Level4","Level5","Level6","Level7","Level8","Level9"
"cbb9aee4161a0db85645ffafc42364ae","Eukaryota","Stramenopiles","Ochrophyta","Bacillariophyta","","","","","",""
"ecea4b90df9f262206eb9a3d3a3663f7","Eukaryota","Hacrobia","Haptophyta","Prymnesiophyceae","Prymnesiophyceae_X","Prymnesiales","Prymnesiales_X","Prymnesiaceae","Imantonia",""
"1058b8f4bcdac0e1b5640d6b52f16a63","Eukaryota","Hacrobia","Rappemonad","Rappemonad_X","Rappemonad_XX","Rappemonad_XXX","Rappemonad_XXXX","Rappemonad_XXXXX","Rappemonad_XXXXXX","Rappemonad sp."
"9e8ba90b4bb421abd67a6b2d8daecceb","Eukaryota","Stramenopiles","Ochrophyta","Bacillariophyta","","","","","",""
"bc67fafe86c0add4f4bd94715b2cf6b0","Eukaryota","Stramenopiles","Ochrophyta","Bacillariophyta","Coscinodiscophyceae","","","","",""
"bd84011e2785a341f8c2f037c55c38cc","Eukaryota","Hacrobia","Haptophyta","Prymnesiophyceae","Prymnesiophyceae_X","Prymnesiales","Prymnesiales_X","Prymnesiaceae","Imantonia",""
"a9e9c3ea7d6550f1dbcdf4bfc0d72b7c","Eukaryota","Stramenopiles","Ochrophyta","Dictyochophyceae","Dictyochophyceae_X","Florenciellales","Florenciellales_X","Florenciellales_XX","Florenciella",""
"c5585fdf9af854ba94e961e5fcdaeca3","Eukaryota","Stramenopiles","Ochrophyta","","","","","","",""
"047aeef436598833b9c4dd36abd45405","Eukaryota","Stramenopiles","Ochrophyta","Bacillariophyta","Coscinodiscophyceae","Thalassiosirales","Thalassiosirales_X","","",""
"ae7c3afbda390c00e85c10273758f9cd","Eukaryota","Stramenopiles","Ochrophyta","Bacillariophyta","Bacillariophyceae","","","","",""
"d052e115d918f85ecc8e22860d24cc7e","Eukaryota","Stramenopiles","Ochrophyta","Dictyochophyceae","Dictyochophyceae_X","Pedinellales","Pedinellales_X","Pedinellales_XX","",""
"b0fbf7a04f7f4901bffe4b79087009df","Eukaryota","Stramenopiles","Ochrophyta","Bacillariophyta","","","","","",""
"4a38d1ea0c7cbf3f011143f92d12841d","Eukaryota","Stramenopiles","Ochrophyta","Chrysophyceae-Synurophyceae","Chrysophyceae-Synurophyceae_X","Chrysophyceae-Synurophyceae_XX","Chrysophyceae-Synurophyceae_XXX","Chrysophyceae-Synurophyceae_XXXX","Chrysophyceae-Synurophyceae_XXXXX","Chrysophyceae-Synurophyceae_XXXXX sp."
"156a5127d2a1923c2e5f6d3f067490c5","Eukaryota","Stramenopiles","Ochrophyta","Bacillariophyta","Coscinodiscophyceae","Thalassiosirales","Thalassiosirales_X","","",""
"8f8a79adf2c7bb550766ddd7d8448a86","Eukaryota","Stramenopiles","Ochrophyta","Bacillariophyta","Coscinodiscophyceae","Coscinodiscales","Coscinodiscales_X","Coscinodiscaceae","Coscinodiscus",""
"a3a451acef85a21f1dba094d40358c07","Eukaryota","Stramenopiles","Ochrophyta","Chrysophyceae","Chrysophyceae_X","Chromulinales","Chromulinales_X","Chromulinaceae","Ochromonas","Ochromonas sp."
"cfbcc38b580ad1fa9cb54dbd4dd22a32","Eukaryota","Stramenopiles","Ochrophyta","Bacillariophyta","Coscinodiscophyceae","Thalassiosirales","Thalassiosirales_X","","",""
"fe4793373300f6faf19cda28d4faa8ac","Eukaryota","Hacrobia","Cryptophyta","Cryptophyceae","Cryptophyceae_X","Pyrenomonadales","Pyrenomonadales_X","Geminigeraceae","",""
"967eda9691eab74cd5e7901f9aa07ae0","Eukaryota","Hacrobia","Cryptophyta","Cryptophyceae","Cryptophyceae_X","Pyrenomonadales","Pyrenomonadales_X","Geminigeraceae","Teleaulax","Teleaulax acuta"
"1f30e11a7541bda344e0a57fa45e6e6d","Eukaryota","Stramenopiles","Ochrophyta","Bacillariophyta","","","","","",""
"002b5fe028eef1abba67ca968679b388","Eukaryota","Stramenopiles","Ochrophyta","Bacillariophyta","","","","","",""
"01ffcf9136a952c81e7d145ca755e307","Eukaryota","Stramenopiles","Ochrophyta","Chrysophyceae","Chrysophyceae_X","Chromulinales","Chromulinales_X","","",""
"b05a0d7036fd539aba65330099f429ca","Eukaryota","Archaeplastida","Chlorophyta","Mamiellophyceae","Mamiellophyceae_X","Mamiellales","Mamiellales_X","Mamiellaceae","Micromonas",""
"ca17a8b94a58cb952e4789f173666d8a","Eukaryota","Hacrobia","Cryptophyta","Cryptophyceae","Cryptophyceae_X","Pyrenomonadales","Pyrenomonadales_X","Geminigeraceae","Geminigeraceae_X","Geminigeraceae_X sp."
"a98e32d7abb953752146f81144135465","Eukaryota","Hacrobia","Haptophyta","Prymnesiophyceae","Prymnesiophyceae_X","Prymnesiales","Prymnesiales_X","Prymnesiaceae","",""
"d783eea625f4327069a73751bd2ae65f","Eukaryota","Hacrobia","Haptophyta","Prymnesiophyceae","Prymnesiophyceae_X","Prymnesiales","Prymnesiales_X","Prymnesiaceae","",""
"e3e90896e0bb5f0d89b270864cd96a47","Eukaryota","Stramenopiles","Ochrophyta","Bacillariophyta","Bacillariophyceae","Melosirales","Melosirales_X","Stephanopyxidaceae","Stephanophyrix",""
"7cdbaac6b822e4130be7c782a2477bd3","Eukaryota","Stramenopiles","Ochrophyta","Chrysophyceae","Chrysophyceae_X","Chromulinales","Chromulinales_X","Chromulinaceae","Ochromonas","Ochromonas sp."
"a06a83d8f0c3f245cde080ed5348f4de","Eukaryota","Hacrobia","Haptophyta","Prymnesiophyceae","Prymnesiophyceae_X","Prymnesiales","Prymnesiales_X","","",""
"c1bca1213362a7dc76085aaf9e979042","Eukaryota","Hacrobia","Haptophyta","Prymnesiophyceae","Prymnesiophyceae_X","Prymnesiales","Prymnesiales_X","Chrysochromulinaceae","Chrysochromulina","Chrysochromulina camella"
"62aa55e2ffede44c53e672f049243bb3","Eukaryota","Stramenopiles","Ochrophyta","Bacillariophyta","Coscinodiscophyceae","Coscinodiscales","Coscinodiscales_X","Coscinodiscaceae","Coscinodiscus",""
"10b9b0807cd32dace7fac7e5749c6cf8","Eukaryota","Stramenopiles","Ochrophyta","Pelagophyceae","Pelagophyceae_X","Pelagomonadales","Pelagomonadales_X","Pelagomonadaceae","Aureococcus","Aureococcus anophagefferens"
"1b7d6e13146ca0fbabaa51be40354bfc","Eukaryota","Hacrobia","Haptophyta","Prymnesiophyceae","Prymnesiophyceae_X","Prymnesiales","Prymnesiales_X","Prymnesiaceae","Imantonia",""
"5afeb69087aab0a22e278b0faa9637b5","Eukaryota","Stramenopiles","Ochrophyta","Dictyochophyceae","Dictyochophyceae_X","Florenciellales","Florenciellales_X","Florenciellales_XX","Florenciella",""
"41e6315eadfec07bd081c1547303ea84","Eukaryota","Stramenopiles","Ochrophyta","Bacillariophyta","","","","","",""
"5633cdeec622cacd6ef5d40ec6fd3d74","Eukaryota","Hacrobia","Haptophyta","Prymnesiophyceae","Prymnesiophyceae_X","Prymnesiales","Prymnesiales_X","Prymnesiaceae","Imantonia",""
"b242994235a0d63306c101b4d4b28187","Eukaryota","Stramenopiles","Ochrophyta","Dictyochophyceae","Dictyochophyceae_X","Florenciellales","Florenciellales_X","Florenciellales_XX","Florenciella",""
"e24a601a6e3fdaf87729ebc7c2012b50","Eukaryota","Hacrobia","Haptophyta","Prymnesiophyceae","Prymnesiophyceae_X","Prymnesiophyceae_XX","Prymnesiophycidae_XXX","Prymnesiophycidae_XXXX","S25_1200","S25_1200 sp."
"f79114ebfeca688b5e6b33bed3da28b2","Eukaryota","Stramenopiles","Ochrophyta","","","","","","",""
"e7c80091f27918299a3b4ad23237040a","Eukaryota","Stramenopiles","Ochrophyta","Bacillariophyta","Bacillariophyceae","Cymbellales","Cymbellales_X","Cymbellaceae","",""
"845a2ebff01ee0b45e9cd2a5fbbbeacc","Eukaryota","Stramenopiles","Ochrophyta","Dictyochophyceae","Dictyochophyceae_X","Florenciellales","Florenciellales_X","Florenciellales_XX","Florenciella",""
"86ec928e1a864bc97f59df3083ca3592","Eukaryota","Stramenopiles","Ochrophyta","Bolidophyceae","Bolidophyceae_X","Bolidomonadales","Bolidomonadales_X","Bolidomonadaceae","Bolidomonas","Bolidomonas mediterranea"
"cd675398774c2b525716546660530754","Eukaryota","Stramenopiles","Ochrophyta","","","","","","",""
"2c791528120469b19c70dd94bab4a1d0","Eukaryota","Stramenopiles","Ochrophyta","Bacillariophyta","","","","","",""
"58e94893e3c9a81adb633f16f65bfa05","Eukaryota","Stramenopiles","Ochrophyta","Bacillariophyta","Coscinodiscophyceae","Lithodesmiales","Lithodesmiales_X","Lithodesmiaceae","Ditylum",""
"b57427975e65dd562db5a9666ba49415","Eukaryota","Hacrobia","Haptophyta","Prymnesiophyceae","Prymnesiophyceae_X","Prymnesiales","Prymnesiales_X","Prymnesiaceae","",""
"4c1589ff418cc6aefe13e7dcabab083f","Eukaryota","Stramenopiles","Ochrophyta","Pelagophyceae","Pelagophyceae_X","Sarcinochrysidales","SarcinochrysidaleX","Sarcinochrysidaceae","Ankylochrysis",""
"d8ab3a2e2143ff446a7a2866e4d02f39","Eukaryota","Hacrobia","Haptophyta","Prymnesiophyceae","Prymnesiophyceae_X","Prymnesiales","Prymnesiales_X","Chrysochromulinaceae","Chrysochromulina","Chrysochromulina camella"
"16efe43e29c1f5c3678c87eaa1ffda5e","Eukaryota","Stramenopiles","Ochrophyta","Bacillariophyta","Coscinodiscophyceae","","","","",""
"fb84e36a98c7051fcd7f270bc2cf8390","Eukaryota","Archaeplastida","Streptophyta","Embryophyceae","","","","","",""
"c078a8758762c2ae8e23680c519f7534","Eukaryota","Stramenopiles","Ochrophyta","","","","","","",""
"2b252ebeeff4325d8f4620a53a997276","Eukaryota","Stramenopiles","Ochrophyta","Dictyochophyceae","Dictyochophyceae_X","","","","",""
"92c025def86f1f73b7df2d3cc16200fa","Eukaryota","Archaeplastida","Chlorophyta","Prasinophyceae","Prasinophyceae_X","Pyramimonadales","Pyramimonadales_X","Pyramimonadaceae","Pyramimonas","Pyramimonas disomata"
"f62c61cbc0735dd61eaac5fa7f11726f","Eukaryota","Hacrobia","Haptophyta","Prymnesiophyceae","Prymnesiophyceae_X","Prymnesiales","Prymnesiales_X","Prymnesiaceae","",""
"f1ea305793ae579cd25f2ecea821ceab","Eukaryota","Stramenopiles","Ochrophyta","Chrysophyceae-Synurophyceae","Chrysophyceae_X","Chromulinales","Chromulinales_X","Chromulinaceae","Chromulinaceae_X","Chromulinaceae_X sp."
"88ff902101371ef9e18d0dc4beda5aef","Eukaryota","Stramenopiles","Ochrophyta","Bacillariophyta","Coscinodiscophyceae","Chaetocerotales","Chaetocerotales_X","Chaetocerotaceae","Chaetoceros","Chaetoceros socialis"
"65f9ce0be4fb96ab0378337b1c6baa7f","Eukaryota","Stramenopiles","Ochrophyta","Bacillariophyta","","","","","",""
"dd2e3b280acd070052fc267f7a326caa","Eukaryota","Stramenopiles","Ochrophyta","","","","","","",""
"c17ffd40bbd5f333706fe303e19648bd","Eukaryota","Stramenopiles","Ochrophyta","Chrysophyceae-Synurophyceae","Chrysophyceae-Synurophyceae_X","Chrysophyceae-Synurophyceae_XX","Chrysophyceae-Synurophyceae_XXX","Chrysophyceae-Synurophyceae_XXXX","Chrysophyceae-Synurophyceae_XXXXX","Chrysophyceae-Synurophyceae_XXXXX sp."
"40ed78c96ec522d7a0f93ffa2e6788c8","Eukaryota","Stramenopiles","Ochrophyta","Bacillariophyta","Coscinodiscophyceae","","","","",""
"897a40860aeef91fad992b142ac6e399","Eukaryota","Archaeplastida","Chlorophyta","Mamiellophyceae","Mamiellophyceae_X","Mamiellales","Mamiellales_X","Mamiellaceae","Mamiella","Mamiella gilva"
"cd8bab54f706435e191caa91b6170ec8","Eukaryota","Stramenopiles","Ochrophyta","Bacillariophyta","Bacillariophyceae","Cymbellales","Cymbellales_X","Cymbellaceae","Cymbella","Cymbella affinis"
"9438d66f2bf7053589e8af3976cace55","Eukaryota","Archaeplastida","Chlorophyta","Prasinophyceae","Prasinophyceae_X","Pyramimonadales","Pyramimonadales_X","Pyramimonadaceae","Pyramimonas","Pyramimonas sp."
"4d0cebed709f9109b0b480665208876c","Eukaryota","Alveolata","Dinophyta","Dinophyceae","Dinophyceae_X","Brachidiniales","Brachidiniales_X","Brachidiniaceae","Karlodinium","Karlodinium veneficum"
"5da1f90d5cf6d41e58b264781ce6f9a1","Eukaryota","Hacrobia","Haptophyta","Prymnesiophyceae","Prymnesiophyceae_X","Prymnesiales","Prymnesiales_X","Prymnesiaceae","",""
"eaa6191e02b6f0c9165f0d0e20cc1731","Eukaryota","Hacrobia","Haptophyta","Prymnesiophyceae","Prymnesiophyceae_X","Prymnesiales","Prymnesiales_X","Prymnesiaceae","Prymnesium","Prymnesium polylepis"
"7b34449791f6d528d5f722d71abd0e42","Eukaryota","Hacrobia","Haptophyta","Prymnesiophyceae","Prymnesiophyceae_X","Prymnesiales","Prymnesiales_X","Prymnesiaceae","",""
"b79e1d86e9c8c2497dfda518c5396293","Eukaryota","Stramenopiles","Ochrophyta","Chrysophyceae","Chrysophyceae_X","Chromulinales","Chromulinales_X","Chromulinaceae","Ochromonas","Ochromonas sp."
"b45850abf6a612a7f85945a5bb21baf2","Eukaryota","Stramenopiles","Ochrophyta","Bacillariophyta","Fragilariophyceae","Thalassionematales","Thalassionematales_X","Thalassionemataceae","Thalassionema",""
"d61245b78fc9c7ed8a562ed9331b648d","Eukaryota","Archaeplastida","Chlorophyta","Prasinophyceae","Prasinophyceae_X","Pseudoscourfieldiales","Pseudoscourfieldiales_X","Pycnococcaceae","Pycnococcus",""
"225b65adc0404c453fb1fdc9847df447","Eukaryota","Hacrobia","Haptophyta","Prymnesiophyceae","Prymnesiophyceae_X","Prymnesiales","Prymnesiales_X","Prymnesiaceae","",""
"e374e3a6e658d98271e028e36131f5b4","Eukaryota","Stramenopiles","Ochrophyta","Dictyochophyceae","Dictyochophyceae_X","Pedinellales","Pedinellales_X","","",""
"f191e093187308a49e64e98d71ac6303","Eukaryota","Hacrobia","Cryptophyta","Cryptophyceae","Cryptophyceae_X","Pyrenomonadales","Pyrenomonadales_X","Geminigeraceae","",""
"0e5cc60c596774a3d9dff1862c743774","Eukaryota","Hacrobia","Haptophyta","Prymnesiophyceae","Prymnesiophyceae_X","Prymnesiales","Prymnesiales_X","Prymnesiaceae","Imantonia",""
"15dfcfe688acca8bb9f367af9d5d1ae6","Eukaryota","Stramenopiles","Ochrophyta","","","","","","",""
"c6e3aa74ec2261230f65b07eb4a888ae","Eukaryota","Hacrobia","Haptophyta","Prymnesiophyceae","Prymnesiophyceae_X","Prymnesiales","Prymnesiales_X","Prymnesiaceae","",""
"81652c6893f7f1020230a5a0a88b43be","Eukaryota","Hacrobia","Haptophyta","Prymnesiophyceae","","","","","",""
"ff273707300bc1560f86403f9e3188dc","Eukaryota","Hacrobia","Cryptophyta","Cryptophyceae","Cryptophyceae_X","Pyrenomonadales","Pyrenomonadales_X","Chroomonadaceae","Chroomonadaceae_X","Chroomonadaceae_X sp."
"3ddad9a8398ed52f5561f01ecb8bd986","Eukaryota","Hacrobia","Haptophyta","Prymnesiophyceae","Prymnesiophyceae_X","Prymnesiales","Prymnesiales_X","Prymnesiaceae","Imantonia",""
"b8cb90812ba0797184cf3d4db14f9a1b","Eukaryota","Stramenopiles","Ochrophyta","Bacillariophyta","","","","","",""
"263e163eb95f3e3c978c2e6210ac52fe","Eukaryota","Hacrobia","Haptophyta","Prymnesiophyceae","Prymnesiophyceae_X","Prymnesiales","Prymnesiales_X","Prymnesiaceae","",""
"16f071307dd749e9a62f8e089aeaf336","Eukaryota","Hacrobia","Haptophyta","Prymnesiophyceae","Prymnesiophyceae_X","Prymnesiales","Prymnesiales_X","Prymnesiaceae","Imantonia",""
"3d7923712386090177f7e1b3d03bb878","Eukaryota","Hacrobia","Haptophyta","Prymnesiophyceae","Prymnesiophyceae_X","Prymnesiales","Prymnesiales_X","Prymnesiaceae","",""
"65b6712df78a01b8111cd18aaa752e4c","Eukaryota","Archaeplastida","Chlorophyta","Chlorophyceae","Chlorophyceae_X","Chlamydomonadales","Chlamydomonadales_X","Chlorococcaceae","Oophila","Oophila amblystomatis"
"25227ad1e767e4daf37d365f74c98916","Eukaryota","Hacrobia","Haptophyta","Prymnesiophyceae","Prymnesiophyceae_X","Prymnesiales","Prymnesiales_X","Prymnesiaceae","",""
"5feb965ccba156abe9637a621ace9f90","Eukaryota","Archaeplastida","Streptophyta","Embryophyceae","","","","","",""
"5a0b786471719f83cc058415ae683e5f","Eukaryota","Stramenopiles","Ochrophyta","Bacillariophyta","Bacillariophyceae","","","","",""
"099fd5a7adc43e6732e4c9121b21c9b7","Eukaryota","Stramenopiles","Ochrophyta","Bacillariophyta","Coscinodiscophyceae","","","","",""
"815725795a96738add94143cd4c4ed1a","Eukaryota","Archaeplastida","Chlorophyta","Prasinophyceae","Prasinophyceae_X","Pyramimonadales","Pyramimonadales_X","Pyramimonadaceae","Cymbomonas","Cymbomonas tetramitiformis"
"9ec17e4808f1f30b36ca8b01bfde14c7","Eukaryota","Stramenopiles","Ochrophyta","Bacillariophyta","","","","","",""
"d42605ddcaeb4d0c458634b11ac6696b","Eukaryota","Archaeplastida","Streptophyta","Embryophyceae","asterids","Asterales","Asterales_X","Asteraceae","Artemisia","Artemisia annua"
"261f49c553b27e40922936ad28160158","Eukaryota","Archaeplastida","Chlorophyta","Mamiellophyceae","Mamiellophyceae_X","Mamiellales","Mamiellales_X","Mamiellaceae","Micromonas","Micromonas pusilla_clade_B"
"71e8d9fe38d8919d3eba2b49dab2920d","Eukaryota","Stramenopiles","Ochrophyta","Bacillariophyta","Coscinodiscophyceae","Thalassiosirales","Thalassiosirales_X","","",""
"0589de84d8c89253ad526ef25a695bd2","Eukaryota","Stramenopiles","Ochrophyta","Pelagophyceae","Pelagophyceae_X","Pelagomonadales","Pelagomonadales_X","Pelagomonadaceae","",""
"a3cb195df80b63882a3cc80c9501c4d5","Eukaryota","Archaeplastida","Streptophyta","Embryophyceae","","","","","",""
"f4408e404a9b699fc360117d034c13f2","Eukaryota","Hacrobia","Haptophyta","Prymnesiophyceae","Prymnesiophyceae_X","Prymnesiales","Prymnesiales_X","Prymnesiaceae","Imantonia",""
"ba3ec9981b9099a1b82773105a42a45a","Eukaryota","Stramenopiles","Ochrophyta","Bacillariophyta","","","","","",""
"d8e2f449fdacfd389efd467f2180e01b","Eukaryota","Stramenopiles","Ochrophyta","Chrysophyceae-Synurophyceae","Chrysophyceae-Synurophyceae_X","Chrysophyceae-Synurophyceae_XX","Chrysophyceae-Synurophyceae_XXX","Chrysophyceae-Synurophyceae_XXXX","Chrysophyceae-Synurophyceae_XXXXX","Chrysophyceae-Synurophyceae_XXXXX sp."
"16a1348538d8296b54998a1c3efa281f","Eukaryota","Stramenopiles","Ochrophyta","Chrysophyceae","Chrysophyceae_X","Chromulinales","Chromulinales_X","Chrysosphaeraceae","Chrysosphaeraceae_X","Chrysosphaeraceae_X sp."
"74c2186f81077379d8f9b0cf311dfb80","Eukaryota","Archaeplastida","Chlorophyta","Chlorophyceae","Chlorophyceae_X","Chlamydomonadales","Chlamydomonadales_X","Chlorococcaceae","Oophila","Oophila amblystomatis"
"da9b2b22ab1bd7b2a2d110bc2f4b21ba","Eukaryota","Archaeplastida","Chlorophyta","Mamiellophyceae","Mamiellophyceae_X","Mamiellales","Mamiellales_X","Bathycoccaceae","Ostreococcus","Ostreococcus lucimarinus"
"9402380b30e9169c60f930949ecdda73","Eukaryota","Hacrobia","Haptophyta","Prymnesiophyceae","Prymnesiophyceae_X","Prymnesiales","Prymnesiales_X","Prymnesiaceae","",""
"fd92e1fbe2c3799489b737871cc75ed5","Eukaryota","Hacrobia","Haptophyta","Prymnesiophyceae","Prymnesiophyceae_X","Prymnesiales","Prymnesiales_X","Prymnesiaceae","",""
"baa8e2f37ff9e3e03452db450fb7b4b6","Eukaryota","Hacrobia","Haptophyta","Prymnesiophyceae","","","","","",""
"e0e630d0e5a61a2194485b012b5d5aab","Eukaryota","Stramenopiles","Ochrophyta","Bacillariophyta","","","","","",""
"2b805b35ea72f2c28fc3ae66792520b6","Eukaryota","Hacrobia","Cryptophyta","Cryptophyceae","Cryptophyceae_X","Pyrenomonadales","Pyrenomonadales_X","Geminigeraceae","",""
"45192e98c18d8cd64821897db82a1d3e","Eukaryota","Stramenopiles","Ochrophyta","Dictyochophyceae","Dictyochophyceae_X","Florenciellales","Florenciellales_X","Florenciellales_XX","Florenciella",""
"e6d276c7157348a0dc50a3513a2d6210","Eukaryota","Stramenopiles","Ochrophyta","Chrysophyceae-Synurophyceae","Chrysophyceae_X","Chromulinales","Chromulinales_X","Chromulinaceae","Chromulinaceae_X","Chromulinaceae_X sp."
"a0aa33a79003a895af210a260a42128b","Eukaryota","Stramenopiles","Ochrophyta","Pelagophyceae","Pelagophyceae_X","Pelagomonadales","Pelagomonadales_X","Pelagomonadaceae","",""
"b6cf841f942906ea09e77ee0c4d42dc7","Eukaryota","Hacrobia","Haptophyta","Prymnesiophyceae","Prymnesiophyceae_X","Prymnesiales","Prymnesiales_X","Chrysochromulinaceae","Chrysochromulina","Chrysochromulina camella"
"841e6ae1c98aba86325198b19e7464fc","Eukaryota","Stramenopiles","Ochrophyta","Bacillariophyta","","","","","",""
"11e71ef9580dc7143a351188a36448cd","Eukaryota","Hacrobia","Haptophyta","Prymnesiophyceae","Prymnesiophyceae_X","Prymnesiales","Prymnesiales_X","Prymnesiaceae","",""
"1ebfbbed548e4f543f91b55d2c4d455a","Eukaryota","Hacrobia","Haptophyta","Prymnesiophyceae","Prymnesiophyceae_X","Prymnesiales","Prymnesiales_X","Prymnesiaceae","",""
"3ff699c439ac3ec105f2ed776d3b719b","Eukaryota","Stramenopiles","Ochrophyta","Bacillariophyta","Bacillariophyceae","Melosirales","Melosirales_X","Stephanopyxidaceae","Stephanophyrix",""
"984509c95977c3302b82b32bd3d24d87","Eukaryota","Stramenopiles","Ochrophyta","Bacillariophyta","","","","","",""
"7525c3aedfd3d79419cc5a885dafd450","Eukaryota","Hacrobia","Haptophyta","Prymnesiophyceae","Prymnesiophyceae_X","Prymnesiales","Prymnesiales_X","Prymnesiaceae","Imantonia",""
"95347c56fd628dbf5b890ab3b7c2fffb","Eukaryota","Hacrobia","Haptophyta","Prymnesiophyceae","Prymnesiophyceae_X","Prymnesiales","Prymnesiales_X","Prymnesiaceae","Imantonia",""
"3567b6648159eb85d51bb83febaf7daa","Eukaryota","Stramenopiles","Ochrophyta","Bacillariophyta","Coscinodiscophyceae","Thalassiosirales","Thalassiosirales_X","","",""
"d3126a5b4185b7e9c7d8220ead5f96ee","Eukaryota","Stramenopiles","Ochrophyta","Bolidophyceae","Bolidophyceae_X","Bolidomonadales","Bolidomonadales_X","Bolidomonadaceae","Bolidomonas","Bolidomonas sp."
"a4e628e536866a7f59cda414ebd685ae","Eukaryota","Stramenopiles","Ochrophyta","Bacillariophyta","","","","","",""
"17e2029d945f4d25e138b9c18b494bd8","Eukaryota","Hacrobia","Haptophyta","Prymnesiophyceae","","","","","",""
"218959a785dd1576dc10247e18fcb4f0","Eukaryota","Hacrobia","Cryptophyta","Cryptophyceae","Cryptophyceae_X","Cryptomonadales","Cryptomonadales_X","Cryptomonadaceae","Cryptomonas","Cryptomonas pyrenoidifera"
"026eee78396d0c60a68186036707cb1d","Eukaryota","Stramenopiles","Ochrophyta","Bacillariophyta","Coscinodiscophyceae","","","","",""
"636ae020aafcebbc3f30e59adc944c83","Eukaryota","Hacrobia","Haptophyta","Prymnesiophyceae","Prymnesiophyceae_X","Prymnesiales","Prymnesiales_X","Prymnesiaceae","Imantonia",""
"4403cfc16fd060932b4da27f723c2aa1","Eukaryota","Stramenopiles","Ochrophyta","Chrysophyceae","Chrysophyceae_X","Chromulinales","Chromulinales_X","","",""
"15aeeab195d484cafc0ed37220f351ef","Eukaryota","Hacrobia","Haptophyta","Prymnesiophyceae","Prymnesiophyceae_X","Prymnesiales","Prymnesiales_X","Prymnesiaceae","Imantonia",""
"3222814c973f256e00d31cf60b626bbc","Eukaryota","Stramenopiles","Ochrophyta","Bacillariophyta","","","","","",""
"084d7f5ca8d654e86049962f3d375df5","Eukaryota","Stramenopiles","Ochrophyta","","","","","","",""
"174f53f369e0af5366e629bab6a7375e","Eukaryota","Stramenopiles","Ochrophyta","Bacillariophyta","","","","","",""
"a7317f5f176d57a4bc525175077252a0","Eukaryota","Stramenopiles","Ochrophyta","Dictyochophyceae","Dictyochophyceae_X","Pedinellales","Pedinellales_X","","",""
"655f82105e70ceb595ffa873be4330a7","Eukaryota","Stramenopiles","Ochrophyta","Bacillariophyta","Bacillariophyceae","","","","",""
"b2bd683294255fdc4e269bffd9e835a7","Eukaryota","Hacrobia","Haptophyta","Prymnesiophyceae","Prymnesiophyceae_X","Prymnesiales","Prymnesiales_X","","",""
"70259be19a7c4714f0b0b86b88da32b3","Eukaryota","Stramenopiles","Ochrophyta","","","","","","",""
"71a442dddfda8950e89bc38c7be030cc","Eukaryota","Stramenopiles","Ochrophyta","Bacillariophyta","Fragilariophyceae","Thalassionematales","Thalassionematales_X","Thalassionemataceae","",""
"ea81998a8105f97dce8a1a09038e4ce4","Eukaryota","Hacrobia","Haptophyta","Prymnesiophyceae","Prymnesiophyceae_X","Prymnesiales","Prymnesiales_X","Prymnesiaceae","Imantonia",""
"2abe2178381b06748023ddb48d88cedc","Eukaryota","Archaeplastida","Chlorophyta","Trebouxiophyceae","Trebouxiophyceae_X","Prasiolales","Prasiolales_X","Koliellaceae","",""
"264dbc7fbf304fa33d636264e59e706f","Eukaryota","Hacrobia","Haptophyta","Prymnesiophyceae","Prymnesiophyceae_X","Prymnesiales","Prymnesiales_X","Prymnesiaceae","Imantonia",""
"9c3bd2bd8a505c06285a995482e6e5ca","Eukaryota","Hacrobia","Cryptophyta","Cryptophyceae","Cryptophyceae_X","Pyrenomonadales","Pyrenomonadales_X","Chroomonadaceae","Hemiselmis","Hemiselmis virescens"
"b861e8a571ee992446ef3416d1d85950","Eukaryota","Hacrobia","Haptophyta","Prymnesiophyceae","","","","","",""
"75d6ccdf3fe0f0490640a0e6d1c71ec4","Eukaryota","Stramenopiles","Ochrophyta","Dictyochophyceae","Dictyochophyceae_X","Florenciellales","Florenciellales_X","Florenciellales_XX","Florenciella",""
"eb33204ad331067de9a62c569d69b791","Eukaryota","Stramenopiles","Ochrophyta","Bacillariophyta","","","","","",""
"5eddb3cdb73ac7f185c1951d42d16e84","Eukaryota","Hacrobia","Haptophyta","Prymnesiophyceae","Prymnesiophyceae_X","Prymnesiales","Prymnesiales_X","Prymnesiaceae","Imantonia",""
"1113f6b1679a4117349d0960ce727ea5","Eukaryota","Hacrobia","Haptophyta","Prymnesiophyceae","Prymnesiophyceae_X","Prymnesiales","Prymnesiales_X","Prymnesiaceae","Imantonia",""
"eb47dfc875bc7e28f2345c8cc04e55df","Eukaryota","Stramenopiles","Ochrophyta","Chrysophyceae","Chrysophyceae_X","Chromulinales","Chromulinales_X","Chromulinaceae","",""
"f6b01aeb0b9dce599ecb41b741d60806","Eukaryota","Stramenopiles","Ochrophyta","Bacillariophyta","Bacillariophyceae","","","","",""
"1992fbc455e64a51131a85e970e54e43","Eukaryota","Stramenopiles","Ochrophyta","Bacillariophyta","Coscinodiscophyceae","Coscinodiscales","Coscinodiscales_X","Coscinodiscaceae","Coscinodiscus",""
"b652b0320a5053207ce3d0c006d7c794","Eukaryota","Hacrobia","Haptophyta","Prymnesiophyceae","Prymnesiophyceae_X","Prymnesiales","Prymnesiales_X","Prymnesiaceae","",""
"2f13c8a309dc27e7792c1cafd5b9e4b5","Eukaryota","Stramenopiles","Ochrophyta","Bacillariophyta","Bacillariophyceae","","","","",""
"60f1e0e23b49177fdc36f1f0a0eada4d","Eukaryota","Archaeplastida","Chlorophyta","Mamiellophyceae","Mamiellophyceae_X","Mamiellales","Mamiellales_X","Mamiellaceae","Mamiella","Mamiella sp."
"d9c9743e9a5a878cc75f9ddb1fbd34e7","Eukaryota","Stramenopiles","Ochrophyta","Bacillariophyta","Bacillariophyceae","","","","",""
"1af0ce5c6b6d00e48a9578bb79d56d13","Eukaryota","Archaeplastida","Chlorophyta","Mamiellophyceae","Mamiellophyceae_X","Mamiellales","Mamiellales_X","Mamiellaceae","Micromonas","Micromonas sp."
"a50165fd31f85e031fb7b7545b817592","Eukaryota","Hacrobia","Haptophyta","Prymnesiophyceae","Prymnesiophyceae_X","Prymnesiales","Prymnesiales_X","","",""
"d2b428af37f4789fa80cc7480693075b","Eukaryota","Stramenopiles","Ochrophyta","Chrysophyceae","Chrysophyceae_X","Chrysophyceae_XX","Chrysophyceae_XXX","Chrysophyceae_XXXX","Chrysophyceae_XXXXX","Chrysophyceae_XXXXX sp."
"8528496d6cb51111e23c7a42f8284ee5","Eukaryota","Stramenopiles","Ochrophyta","Chrysophyceae","Chrysophyceae_X","Chromulinales","Chromulinales_X","Chromulinaceae","Ochromonas","Ochromonas sp."
"67c87cb6a101888ab9b672da83341e6c","Eukaryota","Stramenopiles","Ochrophyta","Chrysophyceae","Chrysophyceae_X","Chrysophyceae_XX","Chrysophyceae_XXX","Chrysophyceae_XXXX","Chrysophyceae_XXXXX","Chrysophyceae_XXXXX sp."
"dd6728ab56c8d525691a99a21f1a3f0c","Eukaryota","Hacrobia","Haptophyta","Prymnesiophyceae","Prymnesiophyceae_X","Prymnesiales","Prymnesiales_X","Prymnesiaceae","",""
"3647b1e21bc21d93911592b1b90b1c5f","Eukaryota","Stramenopiles","Ochrophyta","Bacillariophyta","","","","","",""
"1e92f24f5de79d54c7bea5b433bd2452","Eukaryota","Stramenopiles","Ochrophyta","Chrysophyceae","Chrysophyceae_X","Chromulinales","Chromulinales_X","Chromulinaceae","Chromulinaceae_X","Chromulinaceae_X sp."
"f17b5d2d8a06b89c68bbe4a8e4f195a0","Eukaryota","Archaeplastida","Chlorophyta","Prasinophyceae","Prasinophyceae_X","Pseudoscourfieldiales","Pseudoscourfieldiales_X","Pycnococcaceae","Pseudoscourfieldia","Pseudoscourfieldia marina"
"0dfa67a45eb85912ab5683d17c3b81ad","Eukaryota","Stramenopiles","Ochrophyta","Chrysophyceae","Chrysophyceae_X","Chromulinales","Chromulinales_X","Chrysosphaeraceae","Chrysosphaeraceae_X","Chrysosphaeraceae_X sp."
"4cbbbb85bb79e5fff3e65bc3430652aa","Eukaryota","Archaeplastida","","","","","","","",""
"846bef2bd4ac68f2f4a77a1bdfe146a8","Eukaryota","Stramenopiles","Ochrophyta","Bacillariophyta","","","","","",""
"8e0c9a0f26bd11181aac78b4c1b87518","Eukaryota","Hacrobia","Haptophyta","Prymnesiophyceae","Prymnesiophyceae_X","Prymnesiales","Prymnesiales_X","Prymnesiaceae","",""
"f22f08b7ee5db1da326614dacbcd03af","Eukaryota","Hacrobia","Haptophyta","Prymnesiophyceae","Prymnesiophyceae_X","Prymnesiales","Prymnesiales_X","Prymnesiaceae","",""
"e80eb8f794b8cf231f3ba17ec20e38aa","Eukaryota","Hacrobia","Haptophyta","Prymnesiophyceae","Prymnesiophyceae_X","Prymnesiales","Prymnesiales_X","Prymnesiaceae","Imantonia",""
"4096a0d68ade7c162b31e8d338d3b453","Eukaryota","Hacrobia","Haptophyta","Prymnesiophyceae","Prymnesiophyceae_X","Prymnesiales","Prymnesiales_X","","",""
"e0b5dc1db6215fc32327a8a706138374","Eukaryota","Stramenopiles","Ochrophyta","Bacillariophyta","","","","","",""
"0be49d865819c31dd16cd352671a6da5","Eukaryota","Hacrobia","Cryptophyta","Cryptophyceae","Cryptophyceae_X","Pyrenomonadales","Pyrenomonadales_X","Geminigeraceae","",""
"3b8242f3e5ef43f04ffa5b65940b3823","Eukaryota","Stramenopiles","Ochrophyta","Bacillariophyta","Coscinodiscophyceae","Thalassiosirales","Thalassiosirales_X","","",""
"c29f460b7e822047248d850e3f79d091","Eukaryota","Excavata","Discoba","Euglenozoa","Euglenophyceae","Eutreptiales","Eutreptiales_X","Eutreptiaceae","Eutreptiella","Eutreptiella marina"
"7c0d70ee8f4efce3088c40c1fb942279","Eukaryota","Hacrobia","Haptophyta","Prymnesiophyceae","Prymnesiophyceae_X","Prymnesiales","Prymnesiales_X","","",""
"4a68ec27b7c6097fa56af093b3003300","Eukaryota","Stramenopiles","Ochrophyta","Bacillariophyta","Coscinodiscophyceae","Corethrales","Corethrales_X","Corethraceae","Corethron","Corethron pennatum"
"b0185af539356ba6b491d891228296b9","Eukaryota","Stramenopiles","Ochrophyta","Bacillariophyta","Bacillariophyceae","","","","",""
"cb9568157027d8d10d0505a66a7140d6","Eukaryota","Hacrobia","Haptophyta","Prymnesiophyceae","Prymnesiophyceae_X","Prymnesiales","Prymnesiales_X","Prymnesiaceae","Prymnesium","Prymnesium kappa"
"28fdf57910593e1916a78fa7a3c0746b","Eukaryota","Stramenopiles","Ochrophyta","Dictyochophyceae","Dictyochophyceae_X","Florenciellales","Florenciellales_X","Florenciellales_XX","Florenciella",""
"e001d54302c5aee4d2bf0cb276e0006c","Eukaryota","Stramenopiles","Ochrophyta","Bacillariophyta","","","","","",""
"f96cd4e1da74e36493f6969b85074603","Eukaryota","Stramenopiles","Ochrophyta","Bacillariophyta","Coscinodiscophyceae","Corethrales","Corethrales_X","Corethraceae","Corethron","Corethron pennatum"
"ae13ada0e26f5390a2af23a2e9328405","Eukaryota","Stramenopiles","Ochrophyta","Bacillariophyta","Coscinodiscophyceae","Thalassiosirales","Thalassiosirales_X","","",""
"77b7f056a3067d948ecf430cf3a02339","Eukaryota","Stramenopiles","Ochrophyta","Chrysophyceae","Chrysophyceae_X","Chromulinales","Chromulinales_X","","",""
"a9bcf81678d920406b2b741940645c11","Eukaryota","Hacrobia","Haptophyta","Prymnesiophyceae","Prymnesiophyceae_X","Prymnesiales","Prymnesiales_X","Chrysochromulinaceae","Chrysochromulina","Chrysochromulina camella"
"b5467743b82df0f893cd5fe8b65c078a","Eukaryota","Stramenopiles","Ochrophyta","Dictyochophyceae","Dictyochophyceae_X","","","","",""
"19a052022549d50652a519150bc5b757","Eukaryota","Archaeplastida","Chlorophyta","Nephroselmidophyceae","Nephroselmidophyceae_X","Nephroselmidales","Nephroselmidales_X","Nephroselmidaceae","Nephroselmis","Nephroselmis pyriformis"
"6d8087bf9299fa097b699d2c8d799a43","Eukaryota","Stramenopiles","Ochrophyta","Ochrophyta_X","Ochrophyta_XX","Ochrophyta_XXX","Ochrophyta_XXXX","Ochrophyta_XXXXX","Ochrophyta_XXXXXX","Ochrophyta_XXXXXX sp."
"add85200555fcdc9f818360eb608b1b8","Eukaryota","Archaeplastida","Chlorophyta","Mamiellophyceae","Mamiellophyceae_X","Mamiellales","Mamiellales_X","Mamiellaceae","Mamiella","Mamiella gilva"
"5d4b25072662844cdbf454ad47173486","Eukaryota","Archaeplastida","Chlorophyta","Mamiellophyceae","Mamiellophyceae_X","Mamiellales","Mamiellales_X","Mamiellaceae","Micromonas",""
"72142c3c91d24f530fb9403737990151","Eukaryota","Archaeplastida","Chlorophyta","Prasinophyceae","Prasinophyceae_X","Pyramimonadales","Pyramimonadales_X","Pyramimonadaceae","Cymbomonas","Cymbomonas tetramitiformis"
"a6a7d01957e0338dc27486990cc4a958","Eukaryota","Archaeplastida","Rhodophyta","Florideophyceae","Nemaliophycidae","Palmariales","Palmariales_X","Palmariaceae","Palmariaceae_X","Palmariaceae_X sp."
"6038cf557b57729e4a36df2e5f9cce36","Eukaryota","Hacrobia","Haptophyta","Prymnesiophyceae","Prymnesiophyceae_X","Prymnesiales","Prymnesiales_X","Prymnesiaceae","",""
"7156274688da9e3126770dcd0334454d","Eukaryota","Stramenopiles","Ochrophyta","Chrysophyceae-Synurophyceae","Chrysophyceae-Synurophyceae_X","Chrysophyceae-Synurophyceae_XX","Chrysophyceae-Synurophyceae_XXX","Chrysophyceae-Synurophyceae_XXXX","Chrysophyceae-Synurophyceae_XXXXX","Chrysophyceae-Synurophyceae_XXXXX sp."
"b116b81459f84e7d183e927008c2022a","Eukaryota","Hacrobia","Haptophyta","Prymnesiophyceae","Prymnesiophyceae_X","Prymnesiales","Prymnesiales_X","Prymnesiaceae","",""
"ec1c3b74cdf92ad4e0ca79d384966887","Eukaryota","Stramenopiles","Ochrophyta","Bacillariophyta","Coscinodiscophyceae","Thalassiosirales","Thalassiosirales_X","","",""
"ee205f4bdb49a0972a201cb26d576bc3","Eukaryota","Stramenopiles","Ochrophyta","Bacillariophyta","Coscinodiscophyceae","Cymatosirales","Cymatosirales_X","Cymatosiraceae","",""
"3b4d3ce110e669aab0ad0154395b6192","Eukaryota","Hacrobia","Haptophyta","Prymnesiophyceae","","","","","",""
"e654aa1a611fd49a1a6b380675f14d13","Eukaryota","Stramenopiles","Ochrophyta","Bacillariophyta","Coscinodiscophyceae","Thalassiosirales","Thalassiosirales_X","","",""
"7c753a7def96b4466d422c46d6111290","Eukaryota","Hacrobia","Cryptophyta","Cryptophyceae","Cryptophyceae_X","Pyrenomonadales","Pyrenomonadales_X","Geminigeraceae","",""
"9973fc580b2aab181257a6c709522f54","Eukaryota","Hacrobia","Haptophyta","Prymnesiophyceae","Prymnesiophyceae_X","Prymnesiales","Prymnesiales_X","Prymnesiaceae","",""
"65ec0bc579cfc403dff7d7261e0e3245","Eukaryota","Hacrobia","Haptophyta","Prymnesiophyceae","Prymnesiophyceae_X","Prymnesiales","Prymnesiales_X","","",""
"c7daa3d6d62ae0266f9f75b969fc47fb","Eukaryota","Hacrobia","Haptophyta","Prymnesiophyceae","Prymnesiophyceae_X","Prymnesiales","Prymnesiales_X","Prymnesiaceae","Imantonia",""
"a00a590af7409116dd836cbb76b58865","Eukaryota","Stramenopiles","Ochrophyta","Bacillariophyta","","","","","",""
"ed84b667bcd048085c319677489734e0","Eukaryota","Hacrobia","Haptophyta","Prymnesiophyceae","Prymnesiophyceae_X","Prymnesiales","Prymnesiales_X","Chrysochromulinaceae","Chrysochromulina","Chrysochromulina camella"
"446fb2a48cd2e80d035b88b4bb7d9066","Eukaryota","Stramenopiles","Ochrophyta","Bacillariophyta","","","","","",""
"3f3c25c36dd2d99dba8d6316b4286695","Eukaryota","Stramenopiles","Ochrophyta","Bacillariophyta","Coscinodiscophyceae","Cymatosirales","Cymatosirales_X","Cymatosiraceae","",""
"7dee3dc1aee40f058f0359546c438a21","Eukaryota","Archaeplastida","Chlorophyta","Mamiellophyceae","Mamiellophyceae_X","Mamiellales","Mamiellales_X","Mamiellaceae","Micromonas","Micromonas pusilla_clade_A"
"df1d6b5725917caf5de24fbab9c77661","Eukaryota","Stramenopiles","Ochrophyta","Bacillariophyta","Coscinodiscophyceae","Thalassiosirales","Thalassiosirales_X","","",""
"6c9ab1d12a9a63675dce58c2b36eae0b","Eukaryota","Stramenopiles","Ochrophyta","Bacillariophyta","","","","","",""
"dd4be11f0c51ac44937011fc74f66490","Eukaryota","Hacrobia","Haptophyta","Prymnesiophyceae","Prymnesiophyceae_X","Prymnesiales","Prymnesiales_X","Prymnesiaceae","Imantonia",""
"8f34219e239c6727e4bcb852d4488b09","Eukaryota","Hacrobia","Haptophyta","Prymnesiophyceae","Prymnesiophyceae_X","Prymnesiales","Prymnesiales_X","","",""
"f67c7ea198bcb191f2971a81405b5608","Eukaryota","Hacrobia","Haptophyta","Prymnesiophyceae","Prymnesiophyceae_X","Prymnesiales","Prymnesiales_X","Prymnesiaceae","Imantonia",""
"bf12b37194ca6ce742e22d907ee9f4fc","Eukaryota","Hacrobia","Haptophyta","Prymnesiophyceae","Prymnesiophyceae_X","","","","",""
"85695dfac43cc22747a9271801ae90d0","Eukaryota","Hacrobia","Haptophyta","Prymnesiophyceae","Prymnesiophyceae_X","Prymnesiales","Prymnesiales_X","Prymnesiaceae","",""
"9f694bf55f6f1a4de07c4543482766dc","Eukaryota","Stramenopiles","Ochrophyta","Bolidophyceae","Bolidophyceae_X","Bolidomonadales","Bolidomonadales_X","Bolidomonadaceae","Bolidomonas","Bolidomonas mediterranea"
"005fbb5e3d687189ac8414729fb82a31","Eukaryota","Archaeplastida","Chlorophyta","Mamiellophyceae","Mamiellophyceae_X","Mamiellales","Mamiellales_X","Bathycoccaceae","Bathycoccus","Bathycoccus sp."
"122d04428957546a2f18b426b904197e","Eukaryota","Stramenopiles","Ochrophyta","Bacillariophyta","Coscinodiscophyceae","Lithodesmiales","Lithodesmiales_X","Lithodesmiaceae","Ditylum",""
"a99d0c619e68c239d8fc12a034fa8846","Eukaryota","Archaeplastida","Chlorophyta","Prasinophyceae","Prasinophyceae_X","Pyramimonadales","Pyramimonadales_X","Pyramimonadaceae","Pyramimonas","Pyramimonas disomata"
"743fede21efd9e995317248014ff1f5d","Eukaryota","Stramenopiles","Ochrophyta","Dictyochophyceae","Dictyochophyceae_X","","","","",""
"12371c5d632615c47cef855de70106c4","Eukaryota","Hacrobia","Haptophyta","Prymnesiophyceae","Prymnesiophyceae_X","Prymnesiales","Prymnesiales_X","Prymnesiaceae","Imantonia",""
"543e9d7dd9755bba8e5bef193af3c7c9","Eukaryota","Stramenopiles","Ochrophyta","Bacillariophyta","Bacillariophyceae","Cymbellales","Cymbellales_X","Cymbellaceae","Cymbella","Cymbella intermedia"
"aefaa7eaa8cff83375357d23cb154d20","Eukaryota","Hacrobia","Haptophyta","Prymnesiophyceae","Prymnesiophyceae_X","Prymnesiales","Prymnesiales_X","Prymnesiaceae","Imantonia",""
"40da1e3983e02d117fcc9a9c87449f1f","Eukaryota","Stramenopiles","Ochrophyta","Dictyochophyceae","Dictyochophyceae_X","Pedinellales","Pedinellales_X","","",""
"7828ce319618a0c58d3c1a513f265997","Eukaryota","Hacrobia","Haptophyta","Prymnesiophyceae","Prymnesiophyceae_X","Prymnesiales","Prymnesiales_X","Prymnesiaceae","Prymnesium",""
"03fe1f9643465251db3d2611c9151edd","Eukaryota","Stramenopiles","Ochrophyta","Pelagophyceae","Pelagophyceae_X","Pelagomonadales","Pelagomonadales_X","Pelagomonadaceae","Pelagomonadaceae_X","Pelagomonadaceae_X sp."
"8184d00322df3406d905b9aadce42aa6","Eukaryota","Hacrobia","Haptophyta","Prymnesiophyceae","Prymnesiophyceae_X","Prymnesiales","Prymnesiales_X","Prymnesiaceae","Imantonia",""
"b557574f671d8ffd755135bcbd89dc23","Eukaryota","Stramenopiles","Ochrophyta","Bacillariophyta","","","","","",""
"daf412270dd2b77f0007c7acd9acedd3","Eukaryota","Hacrobia","Haptophyta","Prymnesiophyceae","Prymnesiophyceae_X","Prymnesiales","Prymnesiales_X","Chrysochromulinaceae","Chrysochromulina","Chrysochromulina camella"
"8282a178b622f9b00ceab0e4dd4e708d","Eukaryota","Hacrobia","Haptophyta","Prymnesiophyceae","Prymnesiophyceae_X","Prymnesiales","Prymnesiales_X","","",""
"33b1e43724fc5f7423239c4a01ded5d1","Eukaryota","Stramenopiles","Ochrophyta","Bacillariophyta","","","","","",""
"cf87c2d78e0b1e20df977e3618eba314","Eukaryota","Hacrobia","Haptophyta","Prymnesiophyceae","Prymnesiophyceae_X","Prymnesiales","Prymnesiales_X","Chrysochromulinaceae","Chrysochromulina","Chrysochromulina camella"
"b508d920373a2c298ca81607e6000d7b","Eukaryota","Hacrobia","Rappemonad","Rappemonad_X","Rappemonad_XX","Rappemonad_XXX","Rappemonad_XXXX","Rappemonad_XXXXX","Rappemonad_XXXXXX","Rappemonad sp."
"0c41252f5f696782eecf5fae52f2427c","Eukaryota","Stramenopiles","Ochrophyta","Dictyochophyceae","Dictyochophyceae_X","Pedinellales","Pedinellales_X","","",""
"bb58b68af2ae955d0dbf99695cb9ef03","Eukaryota","Stramenopiles","Ochrophyta","Chrysophyceae-Synurophyceae","Chrysophyceae-Synurophyceae_X","Chrysophyceae-Synurophyceae_XX","Chrysophyceae-Synurophyceae_XXX","Chrysophyceae-Synurophyceae_XXXX","Chrysophyceae-Synurophyceae_XXXXX","Chrysophyceae-Synurophyceae_XXXXX sp."
"7e55502cdc98eaffa3564cbf3809a9a8","Eukaryota","Hacrobia","Haptophyta","Prymnesiophyceae","Prymnesiophyceae_X","Phaeocystales","Phaeocystales_X","Phaeocystaceae","Phaeocystis",""
"ba08c3402dd8a4273845a8e67528688f","Eukaryota","Stramenopiles","Ochrophyta","Chrysophyceae","Chrysophyceae_X","Chromulinales","Chromulinales_X","Chrysosphaeraceae","Chrysosphaeraceae_X","Chrysosphaeraceae_X sp."
"f111a34bd5eb52e81539f9a42564c21d","Eukaryota","Archaeplastida","Chlorophyta","Prasinophyceae","Prasinophyceae_X","Pyramimonadales","Pyramimonadales_X","Pyramimonadaceae","Pyramimonadaceae_X","Pyramimonadaceae_X sp."
"a2db7cebc53af03f581e6f7fcda2be58","Eukaryota","Stramenopiles","Ochrophyta","Bacillariophyta","","","","","",""
"9578520f48f92fd5615f95a39e34ec97","Eukaryota","Hacrobia","Haptophyta","Prymnesiophyceae","Prymnesiophyceae_X","Prymnesiales","Prymnesiales_X","Prymnesiaceae","Imantonia",""
"b4808d0bd8b6e2f38cfbb07504559391","Eukaryota","Stramenopiles","Ochrophyta","Bacillariophyta","Bacillariophyceae","","","","",""
"c5ff40590d5418a971d05770a2e94b3c","Eukaryota","Stramenopiles","Ochrophyta","Dictyochophyceae","Dictyochophyceae_X","Pedinellales","Pedinellales_X","Pedinellales_XX","",""
"2337d842b92cde502e0b3480fde226d5","Eukaryota","Stramenopiles","Ochrophyta","Bacillariophyta","Coscinodiscophyceae","Thalassiosirales","Thalassiosirales_X","","",""
"1ccffc5619ea64cc464303cc8ccc6474","Eukaryota","Stramenopiles","Ochrophyta","Raphidophyceae","Raphidophyceae_X","Chattonellales","Chattonellales_X","Chattonellaceae","Olisthodiscus","Olisthodiscus luteus"
"bebb02c10cf4be34c57942cd9e1469c5","Eukaryota","Hacrobia","Cryptophyta","Cryptophyceae","Cryptophyceae_X","Pyrenomonadales","Pyrenomonadales_X","Geminigeraceae","Geminigeraceae_X","Geminigeraceae_X sp."
"ca9286dbd69bc04c290d356131540bb2","Eukaryota","Hacrobia","Haptophyta","Prymnesiophyceae","","","","","",""
"c0d286634af60074705f795735701e5b","Eukaryota","Archaeplastida","Chlorophyta","Mamiellophyceae","Mamiellophyceae_X","Mamiellales","Mamiellales_X","Mamiellaceae","Micromonas","Micromonas pusilla_clade_B"
"a871ad9bec91d61f589d0c4f24cae241","Eukaryota","Stramenopiles","Ochrophyta","Dictyochophyceae","Dictyochophyceae_X","","","","",""
"b7863518642623d8bc1f04e6561baa51","Eukaryota","Stramenopiles","Ochrophyta","Bacillariophyta","","","","","",""
"239ab1d6494420f8ed170825d17932cc","Eukaryota","Hacrobia","Cryptophyta","Cryptophyceae","Cryptophyceae_X","Pyrenomonadales","Pyrenomonadales_X","Geminigeraceae","Geminigeraceae_X","Geminigeraceae_X sp."
"906c96f011aa1682bc1ac5f6b2e15cc7","Eukaryota","Stramenopiles","Ochrophyta","Bacillariophyta","","","","","",""
"3fc98b0a12e2f7e5b617ca969ca9ab65","Eukaryota","Stramenopiles","Ochrophyta","Bacillariophyta","","","","","",""
"4966ea84c17c4703992ee7e64a2cbd32","Eukaryota","","","","","","","","",""
"74c1a9dc2feebeeebbe605540576a811","Eukaryota","Stramenopiles","Ochrophyta","Chrysophyceae","Chrysophyceae_X","Chromulinales","Chromulinales_X","","",""
"1b846ff42cd3ac2bb44f3367a95a1148","Eukaryota","Stramenopiles","Ochrophyta","Bacillariophyta","Coscinodiscophyceae","Corethrales","Corethrales_X","Corethraceae","Corethron","Corethron pennatum"
"207da8ba89de6184fc3d84535faf4b7c","Eukaryota","Archaeplastida","Chlorophyta","Prasinophyceae","Prasinophyceae_X","Pyramimonadales","Pyramimonadales_X","Pyramimonadaceae","Cymbomonas","Cymbomonas tetramitiformis"
"7db26d541ecde8cbf30ce6da9714ba9a","Eukaryota","Stramenopiles","Ochrophyta","Bacillariophyta","Fragilariophyceae","Thalassionematales","Thalassionematales_X","Thalassionemataceae","Thalassionema",""
"d2daa71b851ecf93aa3185fef7062d7a","Eukaryota","Stramenopiles","Ochrophyta","Phaeophyceae","Phaeophyceae_X","Ectocarpales","Ectocarpales_X","Ectocarpaceae","Ectocarpaceae_X","Ectocarpaceae_X sp."
"42f9730ad73362341bbcdfb16139ef76","Eukaryota","Stramenopiles","Ochrophyta","Dictyochophyceae","Dictyochophyceae_X","Pedinellales","Pedinellales_X","","",""
"18cf4846ebc903f1cb27a3fc64c8e93a","Eukaryota","Hacrobia","Haptophyta","Prymnesiophyceae","Prymnesiophyceae_X","Prymnesiales","Prymnesiales_X","Prymnesiaceae","",""
"ce29d3bd392cbd754b1cc82b75152ef7","Eukaryota","Stramenopiles","Ochrophyta","Bolidophyceae","Bolidophyceae_X","Bolidomonadales","Bolidomonadales_X","Bolidomonadaceae","Bolidomonas","Bolidomonas mediterranea"
"ad8e4838820028b89bd79e4613034363","Eukaryota","Stramenopiles","Ochrophyta","Pelagophyceae","Pelagophyceae_X","Pelagomonadales","Pelagomonadales_X","Pelagomonadaceae","Aureococcus","Aureococcus anophagefferens"
"047c5ac9d403f482d51f39611ae22776","Eukaryota","Stramenopiles","Ochrophyta","Chrysophyceae","Chrysophyceae_X","Chrysophyceae_XX","Chrysophyceae_XXX","Chrysophyceae_XXXX","Chrysophyceae_XXXXX","Chrysophyceae_XXXXX sp."
"d3f67f8de4168346010ea57504748be5","Eukaryota","Hacrobia","Cryptophyta","Cryptophyceae","Cryptophyceae_X","Pyrenomonadales","Pyrenomonadales_X","Chroomonadaceae","Hemiselmis","Hemiselmis virescens"
"244bdea2ee6e6011a59592db6633a57d","Eukaryota","Hacrobia","Haptophyta","Prymnesiophyceae","Prymnesiophyceae_X","Prymnesiales","Prymnesiales_X","Prymnesiaceae","Imantonia",""
"1f9044bb5781756a73f415db3c447bd7","Eukaryota","Stramenopiles","Ochrophyta","Bacillariophyta","Bacillariophyta_X","Chaetocerotales","Chaetocerotales_X","Chaetocerotaceae","Chaetoceros","Chaetoceros granifera"
"7fc839def1e00c4a6ae869c00b1cd72e","Eukaryota","Stramenopiles","Ochrophyta","","","","","","",""
"dd337a3f3af51f9688961ac8f8bb18fc","Eukaryota","Stramenopiles","Ochrophyta","","","","","","",""
"ce81927802f968e4226c8614b6896d56","Eukaryota","Hacrobia","Haptophyta","Prymnesiophyceae","Prymnesiophyceae_X","Prymnesiales","Prymnesiales_X","Prymnesiaceae","",""
"a50fefc2dcdd530041cb8f6d22434f3f","Eukaryota","Hacrobia","Haptophyta","Prymnesiophyceae","Prymnesiophyceae_X","Prymnesiales","Prymnesiales_X","","",""
"812f8b8e52287110d38d2a132002dce0","Eukaryota","Hacrobia","Haptophyta","Prymnesiophyceae","Prymnesiophyceae_X","Prymnesiales","Prymnesiales_X","","",""
"d2aeb887bc681e8c733613a0dbf4e22d","Eukaryota","Stramenopiles","Ochrophyta","Bacillariophyta","","","","","",""
"416385c085e388a7fa619507fd0359c1","Eukaryota","Stramenopiles","Ochrophyta","Bacillariophyta","Bacillariophyceae","","","","",""
"875063a61ab934c4c65743e03d2b806f","Eukaryota","Archaeplastida","Chlorophyta","Trebouxiophyceae","Trebouxiophyceae_X","Trebouxiophyceae_XX","Trebouxiophyceae_XXX","Trebouxiophyceae_XXXX","Picochlorum","Picochlorum sp."
"d963093d8719d950d826faed9df44c8c","Eukaryota","Hacrobia","Haptophyta","Prymnesiophyceae","Prymnesiophyceae_X","Prymnesiales","Prymnesiales_X","Prymnesiaceae","Imantonia",""
"bc229154aa4037656be5eddaa77e5bbc","Eukaryota","Stramenopiles","Ochrophyta","","","","","","",""
"3808d77ccb7237c633c314ad318bc2cc","Eukaryota","Stramenopiles","Ochrophyta","Bacillariophyta","Fragilariophyceae","Thalassionematales","Thalassionematales_X","Thalassionemataceae","",""
"68df2c86f7b68f92002dc735838928a3","Eukaryota","Hacrobia","Haptophyta","Prymnesiophyceae","Prymnesiophyceae_X","Prymnesiales","Prymnesiales_X","Prymnesiaceae","",""
"cc30635b2921b58ab7db354f07fb10f2","Eukaryota","Hacrobia","Haptophyta","Prymnesiophyceae","Prymnesiophyceae_X","Prymnesiales","Prymnesiales_X","Prymnesiaceae","Imantonia",""
"980a79b237ee48882228f73d47ce4dc8","Eukaryota","Stramenopiles","Ochrophyta","Bacillariophyta","Bacillariophyceae","","","","",""
"94882901213a06b6f5e22cd10822cd40","Eukaryota","Hacrobia","Haptophyta","Prymnesiophyceae","Prymnesiophyceae_X","Prymnesiales","Prymnesiales_X","Chrysochromulinaceae","Chrysochromulina","Chrysochromulina camella"
"4253d755c29e520648d9feb7aed0b066","Eukaryota","Hacrobia","Haptophyta","Prymnesiophyceae","Prymnesiophyceae_X","Prymnesiales","Prymnesiales_X","Prymnesiaceae","Imantonia",""
"c9d0f99f5436ff619b8798af2e102d3e","Eukaryota","Stramenopiles","Ochrophyta","Bacillariophyta","","","","","",""
"1e6ca66bf9acf9d487ab6834a37c407f","Eukaryota","Stramenopiles","Ochrophyta","","","","","","",""
"8629e99edd5931f71a4a12c8833c81b6","Eukaryota","Stramenopiles","Ochrophyta","Bolidophyceae","Bolidophyceae_X","Bolidomonadales","Bolidomonadales_X","Bolidomonadaceae","Bolidomonas","Bolidomonas mediterranea"
"49a217538095be71f08cbd108b9fd8bf","Eukaryota","Stramenopiles","Ochrophyta","","","","","","",""
"3ed44f51c4dcea8b131de7c4e6050a93","Eukaryota","Stramenopiles","Ochrophyta","Chrysophyceae","Chrysophyceae_X","Chromulinales","Chromulinales_X","Chromulinaceae","Ochromonas","Ochromonas distigma"
"a17330db8e14c518947ad52834430406","Eukaryota","Stramenopiles","Ochrophyta","Dictyochophyceae","Dictyochophyceae_X","Florenciellales","Florenciellales_X","Florenciellales_XX","Florenciella",""
"30bf2806273ee8275982f3ea4e7cf3d8","Eukaryota","Stramenopiles","Ochrophyta","Dictyochophyceae","Dictyochophyceae_X","","","","",""
"19399a87236c2939b8672cbbdafadca5","Eukaryota","Stramenopiles","Ochrophyta","Dictyochophyceae","Dictyochophyceae_X","Pedinellales","Pedinellales_X","","",""
"4d54e27cb97458c80b5a1eade721959c","Eukaryota","Stramenopiles","Ochrophyta","Bacillariophyta","","","","","",""
"1b3894014ea558369709297af94d5a62","Eukaryota","Hacrobia","Haptophyta","Prymnesiophyceae","Prymnesiophyceae_X","Prymnesiales","Prymnesiales_X","Prymnesiaceae","",""
"bf7877d762c9d6aab5fcbf959ef7144d","Eukaryota","Stramenopiles","Ochrophyta","","","","","","",""
"87817405e572b4237603ea68f608150f","Eukaryota","Hacrobia","Haptophyta","Prymnesiophyceae","Prymnesiophyceae_X","Prymnesiales","Prymnesiales_X","Prymnesiaceae","Imantonia",""
"896a908cf587dc5894dc2aa640c3acb5","Eukaryota","Stramenopiles","Ochrophyta","Dictyochophyceae","Dictyochophyceae_X","Pedinellales","Pedinellales_X","Pedinellales_XX","Pedinella","Pedinella sp."
"e16f17df12683a10175c838a6186539e","Eukaryota","Hacrobia","Haptophyta","Prymnesiophyceae","Prymnesiophyceae_X","Prymnesiales","Prymnesiales_X","Prymnesiaceae","",""
"05bd82491838f3bb545660801d9877a2","Eukaryota","Hacrobia","Haptophyta","Prymnesiophyceae","Prymnesiophyceae_X","Prymnesiales","Prymnesiales_X","Prymnesiaceae","",""
"7901d54983920fd3cba0d3e78c6e05cd","Eukaryota","Hacrobia","Haptophyta","Prymnesiophyceae","Prymnesiophyceae_X","Prymnesiales","Prymnesiales_X","Prymnesiaceae","Imantonia",""
"74a85212a2e9f43bf08acd681a4f3f56","Eukaryota","Archaeplastida","Chlorophyta","Prasinophyceae","Prasinophyceae_X","Pyramimonadales","Pyramimonadales_X","Pyramimonadaceae","Cymbomonas","Cymbomonas tetramitiformis"
"a4f208cd5a3e3b4e25f4531ef640d62d","Eukaryota","Stramenopiles","Ochrophyta","Bacillariophyta","","","","","",""
"8d41925debe11f2e34e09de8071cfdd1","Eukaryota","Hacrobia","Haptophyta","Prymnesiophyceae","Prymnesiophyceae_X","Prymnesiales","Prymnesiales_X","Prymnesiaceae","Imantonia",""
"c820cb41086b8cd82349f15d3f018c17","Eukaryota","Archaeplastida","Chlorophyta","Chlorodendrophyceae","Chlorodendrophyceae_X","Chlorodendrales","Chlorodendrales_X","Chlorodendraceae","Tetraselmis",""
"1d6deecba8df9a0769ef534615afa646","Eukaryota","Hacrobia","Haptophyta","Prymnesiophyceae","Prymnesiophyceae_X","Prymnesiales","Prymnesiales_X","","",""
"4bf5b27b0701ee94d8fcb1b542965726","Eukaryota","Stramenopiles","Ochrophyta","Bacillariophyta","Bacillariophyceae","","","","",""
"7a32a1debf4e6b7bd9d24264977bc2b7","Eukaryota","Archaeplastida","Chlorophyta","Mamiellophyceae","Mamiellophyceae_X","Mamiellales","Mamiellales_X","Bathycoccaceae","Ostreococcus",""
"dea484fe27c473133e45509c5c2eb880","Eukaryota","Stramenopiles","Ochrophyta","Dictyochophyceae","Dictyochophyceae_X","","","","",""
"d12fd1a3e387be7ca456055683e568a4","Eukaryota","Hacrobia","Haptophyta","Prymnesiophyceae","Prymnesiophyceae_X","Prymnesiales","Prymnesiales_X","","",""
"342a2ae01533feed60f5bbc2dc175b5f","Eukaryota","Stramenopiles","Ochrophyta","Bacillariophyta","Bacillariophyceae","","","","",""
"24aa52e76b2648517020b7585b18881b","Eukaryota","Hacrobia","Haptophyta","Pavlovophyceae","Pavlovophycidae","Pavlovales","Pavlovales_X","Pavlovaceae","Pavlova","Pavlova gyrans"
"f540af334ff2a84e46c1f9b6a9bbd314","Eukaryota","Stramenopiles","Ochrophyta","Chrysophyceae","Chrysophyceae_X","Chromulinales","Chromulinales_X","Chrysosphaeraceae","Chrysosphaeraceae_X","Chrysosphaeraceae_X sp."
"3d35284984be7883cc947827e2dc3a4d","Eukaryota","Stramenopiles","Ochrophyta","Chrysophyceae","Chrysophyceae_X","Chromulinales","Chromulinales_X","Chromulinaceae","Ochromonas","Ochromonas sp."
"ad1e3404d6cc15f07ed166c4cf6c464c","Eukaryota","Hacrobia","Haptophyta","Prymnesiophyceae","Prymnesiophyceae_X","Prymnesiophyceae_XX","Prymnesiophyceae_XXX","Braarudosphaeraceae","Braarudosphaera","Braarudosphaera bigelowii"
"0a3ef4fa541215ff5279053835424f00","Eukaryota","Hacrobia","Cryptophyta","Cryptophyceae","Cryptophyceae_X","Pyrenomonadales","Pyrenomonadales_X","Chroomonadaceae","Hemiselmis","Hemiselmis virescens"
"3bd646d1f21bf8a01c8c9ae3a13adb0b","Eukaryota","Stramenopiles","Ochrophyta","Dictyochophyceae","Dictyochophyceae_X","","","","",""
"64b39cb677b69b61604d0410afc1a703","Eukaryota","Stramenopiles","Ochrophyta","Bacillariophyta","","","","","",""
"9e5fc39f99d983d511d8f9c1e1eb83c9","Eukaryota","Stramenopiles","Ochrophyta","Bacillariophyta","","","","","",""
"82d23d27f933fb5be3e86b1f96b2c603","Eukaryota","Hacrobia","Haptophyta","Prymnesiophyceae","Prymnesiophyceae_X","Prymnesiales","Prymnesiales_X","Prymnesiaceae","",""
"cf5b82b76c398d0fea551a04b99df62e","Eukaryota","Hacrobia","Haptophyta","Prymnesiophyceae","Prymnesiophyceae_X","Prymnesiales","Prymnesiales_X","","",""
"b8fe5839680cfde04db9984c7ffc31b7","Eukaryota","Stramenopiles","Ochrophyta","Chrysophyceae","Chrysophyceae_X","Chromulinales","Chromulinales_X","Chromulinaceae","Chromulinaceae_X","Chromulinaceae_X sp."
"aa3d3ab58f616a818bcdedcce8e1d753","Eukaryota","Stramenopiles","Ochrophyta","","","","","","",""
"937f17b8776a110d42ea40b90ba97f5f","Eukaryota","Stramenopiles","Ochrophyta","Bolidophyceae","Bolidophyceae_X","Bolidomonadales","Bolidomonadales_X","Bolidomonadaceae","Bolidomonas","Bolidomonas mediterranea"
"d49bf438880dfe0f8e2b49c1b585027e","Eukaryota","Hacrobia","Haptophyta","Prymnesiophyceae","","","","","",""
"97fb0bc9802fe49a4eb39050c13837a8","Eukaryota","Hacrobia","Haptophyta","Prymnesiophyceae","Prymnesiophyceae_X","Prymnesiales","Prymnesiales_X","Prymnesiaceae","Imantonia",""
"aad8f799fadb88248cfa0ac48e730b05","Eukaryota","Stramenopiles","Ochrophyta","Dictyochophyceae","Dictyochophyceae_X","Pedinellales","Pedinellales_X","Pedinellales_XX","Pedinellales_XXX","Pedinellales_XXX sp."
"c2fd08d858470db243987d9f1668386b","Eukaryota","Hacrobia","Haptophyta","Prymnesiophyceae","Prymnesiophyceae_X","Prymnesiales","Prymnesiales_X","Prymnesiaceae","Imantonia",""
"61e1bee070060da6d354245f138e4e95","Eukaryota","Stramenopiles","Ochrophyta","Dictyochophyceae","Dictyochophyceae_X","Pedinellales","Pedinellales_X","","",""
"8dd40a75734608b096b545e29936dd46","Eukaryota","Stramenopiles","Ochrophyta","Bacillariophyta","Coscinodiscophyceae","","","","",""
"9460c671a6b07b1832df27bd9fa8276a","Eukaryota","Stramenopiles","Ochrophyta","Bacillariophyta","Coscinodiscophyceae","Coscinodiscales","Coscinodiscales_X","Coscinodiscaceae","Coscinodiscus",""
"a51ab363c1f604bc8ff066a93306557b","Eukaryota","Stramenopiles","Ochrophyta","Bacillariophyta","Coscinodiscophyceae","Thalassiosirales","Thalassiosirales_X","","",""
"4ed765eac32545ac668ec1a8484c5da4","Eukaryota","Stramenopiles","Ochrophyta","Chrysophyceae","Chrysophyceae_X","Chromulinales","Chromulinales_X","","",""
"eb171b4b301e04a10eae91ea0a7710ce","Eukaryota","Hacrobia","Cryptophyta","Cryptophyceae","Cryptophyceae_X","Pyrenomonadales","Pyrenomonadales_X","Pyrenomonadaceae","",""
"30b72e4f8c9be5363de5c69b9bd8d11d","Eukaryota","Archaeplastida","Chlorophyta","Chlorophyceae","Chlorophyceae_X","Chaetophorales","Chaetophorales_X","Chaetophoraceae","Trichosarcina","Trichosarcina mucosa"
"d9cd9fa120f620ac667a0db15bba4cb6","Eukaryota","Hacrobia","Haptophyta","Prymnesiophyceae","Prymnesiophyceae_X","Prymnesiales","Prymnesiales_X","Prymnesiaceae","Imantonia",""
"22cebcfa7c1882acb28a6d7dcd86ff6a","Eukaryota","Stramenopiles","Ochrophyta","Bacillariophyta","","","","","",""
"06f4cc1b195955fe1ddcb12a643a9bff","Eukaryota","Archaeplastida","Chlorophyta","Mamiellophyceae","Mamiellophyceae_X","Mamiellales","Mamiellales_X","Bathycoccaceae","Bathycoccus",""
"51980a6356c796e39b74e06617b9ba39","Eukaryota","Hacrobia","Cryptophyta","Cryptophyceae","Cryptophyceae_X","Pyrenomonadales","Pyrenomonadales_X","Geminigeraceae","Geminigeraceae_X","Geminigeraceae_X sp."
"0546c4e1aa3eb19ae327ebfc2debdc78","Eukaryota","Stramenopiles","Ochrophyta","","","","","","",""
"943fcefa02e1ab6b9595ba352326e917","Eukaryota","Archaeplastida","Chlorophyta","Pedinophyceae","Pedinophyceae_X","Marsupiomonadales","Marsupiomonadales_X","Marsupiomonadaceae","Marsupiomonas","Marsupiomonas pelliculata"
"a1b65a93e0d5d354cded3ec2cbcf3689","Eukaryota","Stramenopiles","Ochrophyta","Bacillariophyta","Coscinodiscophyceae","Corethrales","Corethrales_X","Corethraceae","Corethron","Corethron pennatum"
"c58aa13c538aebeb76d9d4be1891af8b","Eukaryota","Stramenopiles","Ochrophyta","","","","","","",""
"ad5765056c6472e220d67bc82372f0fe","Eukaryota","Hacrobia","Haptophyta","Prymnesiophyceae","","","","","",""
